Time, RA, DEC
3/31/2017 12:21:54 PM,4.91398244080231,0
3/31/2017 12:22:04 PM,4.91677087958864,0
